{
    "$schema": "https://schema.management.azure.com/schemas/2015-01-01/deploymentTemplate.json#",
    "contentVersion": "1.0.0.0",
    "parameters": {
        "virtualMachine_adminPassword": {
            "defaultValue": null,
            "type": "SecureString"
        },
        "virtualMachine_name": {
            "defaultValue": "VM1",
            "type": "String"
        },
        "networkInterface_name": {
            "defaultValue": "vm1892",
            "type": "String"
        },
        "networkSecurityGroup_name": {
            "defaultValue": "VM1-nsg",
            "type": "String"
        },
        "publicIPAddress_name": {
            "defaultValue": "VM1-ip",
            "type": "String"
        },
        "virtualNetwork_name": {
            "defaultValue": "vmrg-vnet",
            "type": "String"
        },
        "storageAccount_name": {
            "defaultValue": "vmrg427",
            "type": "String"
        }
    },
    "variables": {},
    "resources": [
        {
            "comments": "Generalized from resource: '/subscriptions/d0183826-ae21-4187-a4aa-d704163196b2/resourceGroups/vmrg/providers/Microsoft.Compute/virtualMachines/VM1'.",
            "type": "Microsoft.Compute/virtualMachines",
            "name": "[parameters('virtualMachine_name')]",
            "apiVersion": "2015-06-15",
            "location": "eastus",
            "properties": {
                "hardwareProfile": {
                    "vmSize": "Standard_F1s"
                },
                "storageProfile": {
                    "imageReference": {
                        "publisher": "Canonical",
                        "offer": "UbuntuServer",
                        "sku": "14.04.4-LTS",
                        "version": "latest"
                    },
                    "osDisk": {
                        "name": "[parameters('virtualMachine_name')]",
                        "createOption": "FromImage",
                        "vhd": {
                            "uri": "[concat('https', '://', parameters('storageAccount_name'), '.blob.core.windows.net', concat('/vhds/', parameters('virtualMachine_name'),'2016711102842.vhd'))]"
                        },
                        "caching": "ReadWrite"
                    },
                    "dataDisks": []
                },
                "osProfile": {
                    "computerName": "[parameters('virtualMachine_name')]",
                    "adminUsername": "wso2",
                    "linuxConfiguration": {
                        "disablePasswordAuthentication": false
                    },
                    "secrets": [],
                    "adminPassword": "[parameters('virtualMachine_adminPassword')]"
                },
                "networkProfile": {
                    "networkInterfaces": [
                        {
                            "id": "[resourceId('Microsoft.Network/networkInterfaces', parameters('networkInterface_name'))]"
                        }
                    ]
                }
            },
            "resources": [],
            "dependsOn": [
                "[resourceId('Microsoft.Storage/storageAccounts', parameters('storageAccount_name'))]",
                "[resourceId('Microsoft.Network/networkInterfaces', parameters('networkInterface_name'))]"
            ]
        },
        {
            "comments": "Generalized from resource: '/subscriptions/d0183826-ae21-4187-a4aa-d704163196b2/resourceGroups/vmrg/providers/Microsoft.Network/networkInterfaces/vm1892'.",
            "type": "Microsoft.Network/networkInterfaces",
            "name": "[parameters('networkInterface_name')]",
            "apiVersion": "2016-03-30",
            "location": "eastus",
            "properties": {
                "ipConfigurations": [
                    {
                        "name": "ipconfig1",
                        "properties": {
                            "privateIPAddress": "10.0.0.4",
                            "privateIPAllocationMethod": "Dynamic",
                            "publicIPAddress": {
                                "id": "[resourceId('Microsoft.Network/publicIPAddresses', parameters('publicIPAddress_name'))]"
                            },
                            "subnet": {
                                "id": "[concat(resourceId('Microsoft.Network/virtualNetworks', parameters('virtualNetwork_name')), '/subnets/default')]"
                            }
                        }
                    }
                ],
                "dnsSettings": {
                    "dnsServers": []
                },
                "enableIPForwarding": false,
                "networkSecurityGroup": {
                    "id": "[resourceId('Microsoft.Network/networkSecurityGroups', parameters('networkSecurityGroup_name'))]"
                }
            },
            "resources": [],
            "dependsOn": [
                "[resourceId('Microsoft.Network/publicIPAddresses', parameters('publicIPAddress_name'))]",
                "[resourceId('Microsoft.Network/virtualNetworks', parameters('virtualNetwork_name'))]",
                "[resourceId('Microsoft.Network/networkSecurityGroups', parameters('networkSecurityGroup_name'))]"
            ]
        },
        {
            "comments": "Generalized from resource: '/subscriptions/d0183826-ae21-4187-a4aa-d704163196b2/resourceGroups/vmrg/providers/Microsoft.Network/networkSecurityGroups/VM1-nsg'.",
            "type": "Microsoft.Network/networkSecurityGroups",
            "name": "[parameters('networkSecurityGroup_name')]",
            "apiVersion": "2016-03-30",
            "location": "eastus",
            "properties": {
                "securityRules": [
                    {
                        "name": "default-allow-ssh",
                        "properties": {
                            "protocol": "Tcp",
                            "sourcePortRange": "*",
                            "destinationPortRange": "22",
                            "sourceAddressPrefix": "*",
                            "destinationAddressPrefix": "*",
                            "access": "Allow",
                            "priority": 1000,
                            "direction": "Inbound"
                        }
                    }
                ]
            },
            "resources": [],
            "dependsOn": []
        },
        {
            "comments": "Generalized from resource: '/subscriptions/d0183826-ae21-4187-a4aa-d704163196b2/resourceGroups/vmrg/providers/Microsoft.Network/publicIPAddresses/VM1-ip'.",
            "type": "Microsoft.Network/publicIPAddresses",
            "name": "[parameters('publicIPAddress_name')]",
            "apiVersion": "2016-03-30",
            "location": "eastus",
            "properties": {
                "publicIPAllocationMethod": "Dynamic",
                "idleTimeoutInMinutes": 4
            },
            "resources": [],
            "dependsOn": []
        },
        {
            "comments": "Generalized from resource: '/subscriptions/d0183826-ae21-4187-a4aa-d704163196b2/resourceGroups/vmrg/providers/Microsoft.Network/virtualNetworks/vmrg-vnet'.",
            "type": "Microsoft.Network/virtualNetworks",
            "name": "[parameters('virtualNetwork_name')]",
            "apiVersion": "2016-03-30",
            "location": "eastus",
            "properties": {
                "addressSpace": {
                    "addressPrefixes": [
                        "10.0.0.0/16"
                    ]
                },
                "subnets": [
                    {
                        "name": "default",
                        "properties": {
                            "addressPrefix": "10.0.0.0/24"
                        }
                    }
                ]
            },
            "resources": [],
            "dependsOn": []
        },
        {
            "comments": "Generalized from resource: '/subscriptions/d0183826-ae21-4187-a4aa-d704163196b2/resourceGroups/vmrg/providers/Microsoft.Storage/storageAccounts/vmrg427'.",
            "type": "Microsoft.Storage/storageAccounts",
            "sku": {
                "name": "Standard_LRS",
                "tier": "Standard"
            },
            "kind": "Storage",
            "name": "[parameters('storageAccount_name')]",
            "apiVersion": "2016-01-01",
            "location": "eastus",
            "tags": {},
            "properties": {},
            "resources": [],
            "dependsOn": []
        }
    ]
}